,0
0,0.0
1,0.0
2,0.0
3,0.0
4,0.0
5,10.0
6,0.0
7,12.0
8,4.0
9,0.0
10,0.0
11,0.0
12,1.0
13,0.0
14,0.0
15,0.0
16,0.0
17,1.0
18,12.0
19,0.0
20,0.0
21,0.0
22,0.0
23,0.0
24,1.0
25,0.0
26,3.0
27,0.0
28,0.0
29,5.0
30,0.0
31,2.0
32,0.0
33,0.0
34,0.0
35,0.0
36,0.0
37,2.0
38,5.0
39,1.0
40,0.0
41,0.0
42,11.0
43,0.0
44,0.0
45,0.0
46,0.0
47,3.0
48,0.0
49,2.0
50,0.0
51,1.0
52,0.0
53,0.0
54,1.0
55,2.0
56,1.0
57,2.0
58,0.0
59,0.0
60,0.0
61,0.0
62,1.0
63,0.0
64,0.0
65,1.0
66,2.0
67,1.0
68,0.0
69,0.0
70,0.0
71,0.0
72,3.0
73,2.0
74,1.0
75,19.0
76,7.0
77,3.0
78,0.0
79,1.0
80,0.0
81,0.0
82,1.0
83,0.0
84,0.0
85,6.0
86,7.0
87,2.0
88,8.0
89,1.0
90,0.0
91,3.0
92,9.0
93,3.0
94,3.0
95,4.0
96,1.0
97,2.0
98,21.0
99,10.0
100,3.0
101,0.0
102,1.0
103,1.0
104,0.0
105,0.0
106,5.0
107,27.0
108,1.0
109,4.0
110,0.0
111,0.0
112,1.0
113,10.0
114,7.0
115,8.0
116,17.0
117,40.0
118,87.0
119,45.0
120,37.0
121,1.0
122,1.0
123,3.0
124,39.0
125,168.0
126,42.0
127,368.0
128,33.0
129,29.0
130,41.0
131,31.0
132,126.0
133,93.0
134,71.0
135,54.0
136,60.0
137,109.0
138,533.0
139,457.0
140,130.0
141,63.0
142,136.0
143,396.0
144,728.0
145,1.976
146,645.0
147,4.198
148,839.0
149,960.0
150,445.0
151,194.0
152,1.682
153,425.0
154,739.0
155,679.0
156,1.1
157,1.3969999999999998
158,2.188
159,1.493
160,509.0
161,209.0
162,265.0
163,290.0
164,1.949
165,3.9419999999999997
166,1.9780000000000002
167,4.253
168,2.37
169,2.08
170,1.666
171,1.265
172,2.531
173,1.204
174,1.996
175,2.136
176,2.175
177,2.928
178,3.5860000000000003
179,3.429
180,44.0
181,60.0
182,18.0
183,137.0
184,687.0
185,740.0
186,461.0
187,547.0
188,316.0
189,203.0
190,652.0
191,565.0
192,292.0
193,97.0
194,348.0
195,258.0
196,406.0
197,905.0
198,509.0
199,1.508
200,0.0
201,0.0
202,0.0
203,1.0
204,86.0
205,15.0
206,10.0
207,14.0
208,18.0
209,7.0
210,4.0
211,33.0
212,39.0
213,74.0
214,13.0
215,79.0
216,56.0
217,115.0
218,46.0
219,98.0
220,7.0
221,0.0
222,0.0
223,0.0
224,1.0
225,1.0
226,7.0
227,2.0
228,0.0
229,0.0
230,0.0
231,1.0
232,0.0
233,4.0
234,1.0
235,3.0
236,6.0
237,8.0
238,6.0
239,0.0
240,58.0
241,11.0
242,5.0
243,12.0
244,150.0
245,9.0
246,83.0
247,29.0
248,33.0
249,55.0
250,104.0
251,23.0
252,41.0
253,36.0
254,49.0
255,54.0
256,81.0
257,24.0
258,38.0
259,38.0
260,0.0
261,20.0
262,16.0
263,4.0
264,15.0
265,33.0
266,7.0
267,31.0
268,14.0
269,28.0
270,74.0
271,32.0
272,26.0
273,33.0
274,41.0
275,19.0
276,29.0
277,46.0
278,14.0
279,21.0
280,0.0
281,52.0
282,32.0
283,0.0
284,27.0
285,15.0
286,16.0
287,35.0
288,37.0
289,7.0
290,31.0
291,31.0
292,70.0
293,34.0
294,44.0
295,31.0
296,28.0
297,32.0
298,9.0
299,23.0
300,0.0
301,4.0
302,20.0
303,0.0
304,6.0
305,20.0
306,6.0
307,1.0
308,2.0
309,1.0
310,18.0
311,5.0
312,3.0
313,17.0
314,18.0
315,25.0
316,16.0
317,63.0
318,13.0
319,7.0
320,0.0
321,1.0
322,1.0
323,2.0
324,1.0
325,1.0
326,3.0
327,0.0
328,0.0
329,0.0
330,0.0
331,0.0
332,0.0
333,0.0
334,21.0
335,2.0
336,1.0
337,18.0
338,4.0
339,1.0
340,0.0
341,0.0
342,0.0
343,2.0
344,0.0
345,0.0
346,0.0
347,0.0
348,0.0
349,0.0
350,0.0
351,0.0
352,0.0
353,2.0
354,4.0
355,1.0
356,2.0
357,2.0
358,5.0
359,2.0
360,0.0
361,0.0
362,0.0
363,0.0
364,5.0
365,0.0
366,0.0
367,0.0
368,0.0
369,0.0
370,0.0
371,0.0
372,2.0
373,0.0
374,0.0
375,0.0
376,1.0
377,0.0
378,3.0
379,0.0
380,1.0
381,3.0
382,4.0
383,1.0
384,3.0
385,2.0
386,2.0
387,2.0
388,1.0
389,3.0
390,1.0
391,0.0
392,1.0
393,4.0
394,0.0
395,0.0
396,3.0
397,3.0
398,5.0
399,1.0
400,14.0
401,3.0
402,22.0
403,5.0
404,14.0
405,8.0
406,5.0
407,7.0
408,4.0
409,2.0
410,9.0
411,13.0
412,5.0
413,5.0
414,6.0
415,4.0
416,11.0
417,7.0
418,18.0
419,4.0
420,20.0
421,4.0
422,13.0
423,15.0
424,30.0
425,10.0
426,12.0
427,17.0
428,32.0
429,6.0
430,18.0
431,30.0
432,16.0
433,23.0
434,28.0
435,25.0
436,7.0
437,40.0
438,74.0
439,14.0
440,19.0
441,15.0
442,2.0
443,22.0
444,50.0
445,17.0
446,28.0
447,25.0
448,12.0
449,15.0
450,37.0
451,55.0
452,31.0
453,23.0
454,95.0
455,10.0
456,14.0
457,162.0
458,76.0
459,10.0
460,32.0
461,12.0
462,2.0
463,30.0
464,95.0
465,43.0
466,71.0
467,16.0
468,30.0
469,33.0
470,34.0
471,55.0
472,45.0
473,50.0
474,59.0
475,42.0
476,24.0
477,136.0
478,155.0
479,0.0
480,0.0
481,2.0
482,0.0
483,7.0
484,31.0
485,38.0
486,109.0
487,6.0
488,0.0
489,2.0
490,4.0
491,2.0
492,0.0
493,30.0
494,3.0
495,10.0
496,14.0
497,19.0
498,2.0
499,0.0
500,1.0
501,0.0
502,0.0
503,2.0
504,0.0
505,2.0
506,1.0
507,2.0
508,0.0
509,0.0
510,0.0
511,0.0
512,3.0
513,5.0
514,0.0
515,2.0
516,1.0
517,1.0
518,0.0
519,0.0
520,2.0
521,0.0
522,0.0
523,0.0
524,1.0
525,0.0
526,0.0
527,0.0
528,0.0
529,1.0
530,1.0
531,2.0
532,0.0
533,1.0
534,0.0
535,1.0
536,2.0
537,5.0
538,0.0
539,0.0
540,0.0
541,0.0
542,0.0
543,0.0
544,2.0
545,0.0
546,0.0
547,0.0
548,0.0
549,2.0
550,0.0
551,2.0
552,0.0
553,2.0
554,2.0
555,0.0
556,0.0
557,0.0
558,3.0
559,0.0
560,0.0
561,0.0
562,0.0
563,3.0
564,0.0
565,0.0
566,0.0
567,0.0
568,0.0
569,0.0
570,2.0
571,2.0
572,2.0
573,2.0
574,0.0
575,0.0
576,0.0
577,1.0
578,1.0
579,0.0
580,2.0
581,0.0
582,0.0
583,0.0
584,0.0
585,5.0
586,2.0
587,0.0
588,0.0
589,0.0
590,1.0
591,0.0
592,0.0
593,7.0
594,1.0
595,0.0
596,3.0
597,2.0
598,2.0
599,0.0
600,0.0
601,0.0
602,1.0
603,1.0
604,0.0
605,2.0
606,0.0
607,0.0
608,0.0
609,0.0
610,4.0
611,2.0
612,5.0
613,3.0
614,1.0
615,4.0
616,5.0
617,1.0
618,3.0
619,1.0
620,0.0
621,3.0
622,12.0
623,18.0
624,14.0
625,9.0
626,4.0
627,11.0
628,5.0
629,4.0
630,20.0
631,1.0
632,16.0
633,19.0
634,9.0
635,18.0
636,40.0
637,37.0
638,33.0
639,20.0
640,4.0
641,19.0
642,95.0
643,73.0
644,88.0
645,67.0
646,97.0
647,112.0
648,61.0
649,83.0
650,188.0
651,63.0
652,128.0
653,168.0
654,85.0
655,137.0
656,192.0
657,142.0
658,95.0
659,42.0
660,25.0
661,42.0
662,194.0
663,557.0
664,355.0
665,412.0
666,335.0
667,405.0
668,162.0
669,395.0
670,765.0
671,265.0
672,304.0
673,475.0
674,385.0
675,480.0
676,827.0
677,793.0
678,468.0
679,131.0
680,26.0
681,157.0
682,406.0
683,1.0959999999999999
684,750.0
685,949.0
686,685.0
687,207.0
688,198.0
689,266.0
690,1.0190000000000001
691,339.0
692,282.0
693,969.0
694,341.0
695,484.0
696,1.3
697,1.161
698,858.0
699,84.0
700,41.0
701,30.0
702,593.0
703,200.0
704,411.0
705,777.0
706,38.0
707,74.0
708,14.0
709,32.0
710,123.0
711,43.0
712,360.0
713,422.0
714,148.0
715,354.0
716,269.0
717,491.0
718,0.0
719,3.0
720,7.0
721,3.0
722,17.0
723,158.0
724,123.0
725,44.0
726,20.0
727,37.0
728,16.0
729,9.0
730,82.0
731,53.0
732,6.0
733,37.0
734,46.0
735,35.0
736,770.0
737,65.0
738,0.0
739,43.0
740,62.0
741,8.0
742,2.0
743,62.0
744,92.0
745,6.0
746,10.0
747,92.0
748,32.0
749,3.0
750,81.0
751,30.0
752,25.0
753,16.0
754,49.0
755,107.0
756,275.0
757,52.0
758,0.0
759,7.0
760,69.0
761,6.0
762,5.0
763,64.0
764,6.0
765,12.0
766,20.0
767,6.0
768,10.0
769,11.0
770,116.0
771,49.0
772,17.0
773,49.0
774,50.0
775,46.0
776,140.0
777,45.0
778,0.0
779,2.0
780,18.0
781,1.0
782,2.0
783,11.0
784,4.0
785,5.0
786,5.0
787,0.0
788,13.0
789,1.0
790,11.0
791,5.0
792,3.0
793,20.0
794,25.0
795,24.0
796,22.0
797,20.0
798,0.0
799,0.0
800,51.0
801,0.0
802,8.0
803,2.0
804,0.0
805,8.0
806,4.0
807,0.0
808,1.0
809,3.0
810,13.0
811,6.0
812,12.0
813,19.0
814,12.0
815,10.0
816,30.0
817,40.0
818,2.0
819,7.0
820,6.0
821,5.0
822,5.0
823,3.0
824,12.0
825,78.0
826,9.0
827,23.0
828,7.0
829,13.0
830,9.0
831,22.0
832,45.0
833,56.0
834,74.0
835,33.0
836,90.0
837,119.0
838,71.0
839,11.0
840,39.0
841,9.0
842,146.0
843,180.0
844,177.0
845,676.0
846,123.0
847,116.0
848,108.0
849,199.0
850,640.0
851,271.0
852,234.0
853,248.0
854,202.0
855,356.0
856,1.137
857,1.975
858,321.0
859,259.0
860,180.0
861,501.0
862,741.0
863,1.867
864,1.207
865,2.316
866,1.422
867,2.241
868,861.0
869,1.321
870,3.727
871,1.2429999999999999
872,3.011
873,1.276
874,3.852
875,4.564
876,3.611
877,6.316
878,267.0
879,216.0
880,189.0
881,166.0
882,928.0
883,1.401
884,911.0
885,2.812
886,2.218
887,1.36
888,998.0
889,3.091
890,2.781
891,1.295
892,2.392
893,1.739
894,3.057
895,5.882000000000001
896,3.1189999999999998
897,4.033
898,83.0
899,479.0
900,145.0
901,332.0
902,695.0
903,725.0
904,710.0
905,545.0
906,721.0
907,215.0
908,632.0
909,2.189
910,889.0
911,694.0
912,1.238
913,1.202
914,952.0
915,2.494
916,2.105
917,1.581
918,6.0
919,32.0
920,27.0
921,244.0
922,259.0
923,169.0
924,209.0
925,261.0
926,59.0
927,90.0
928,39.0
929,973.0
930,354.0
931,399.0
932,682.0
933,220.0
934,676.0
935,1.054
936,591.0
937,552.0
938,196.0
939,2.0
940,60.0
941,22.0
942,44.0
943,147.0
944,53.0
945,17.0
946,23.0
947,7.0
948,0.0
949,102.0
950,123.0
951,121.0
952,80.0
953,236.0
954,293.0
955,565.0
956,133.0
957,0.0
958,114.0
959,31.0
960,24.0
961,125.0
962,439.0
963,158.0
964,303.0
965,225.0
966,373.0
967,314.0
968,177.0
969,297.0
970,101.0
971,179.0
972,125.0
973,132.0
974,256.0
975,285.0
976,154.0
977,0.0
978,157.0
979,32.0
980,101.0
981,204.0
982,223.0
983,122.0
984,143.0
985,277.0
986,113.0
987,235.0
988,117.0
989,206.0
990,156.0
991,200.0
992,231.0
993,107.0
994,143.0
995,418.0
996,100.0
997,0.0
998,83.0
999,65.0
1000,4.0
1001,146.0
1002,274.0
1003,115.0
1004,158.0
1005,199.0
1006,141.0
1007,135.0
1008,249.0
1009,156.0
1010,90.0
1011,404.0
1012,363.0
1013,148.0
1014,229.0
1015,281.0
1016,163.0
1017,0.0
1018,55.0
1019,23.0
1020,26.0
1021,110.0
1022,376.0
1023,89.0
1024,76.0
1025,60.0
1026,64.0
1027,151.0
1028,40.0
1029,103.0
1030,149.0
1031,396.0
1032,108.0
1033,183.0
1034,190.0
1035,217.0
1036,94.0
1037,0.0
1038,76.0
1039,71.0
1040,85.0
1041,166.0
1042,106.0
1043,124.0
1044,120.0
1045,43.0
1046,161.0
1047,56.0
1048,34.0
1049,198.0
1050,189.0
1051,326.0
1052,141.0
1053,224.0
1054,144.0
1055,259.0
1056,121.0
1057,55.0
1058,64.0
1059,178.0
1060,98.0
1061,118.0
1062,140.0
1063,289.0
1064,211.0
1065,68.0
1066,270.0
1067,72.0
1068,92.0
1069,192.0
1070,345.0
1071,385.0
1072,208.0
1073,243.0
1074,242.0
1075,416.0
1076,329.0
1077,219.0
1078,107.0
1079,202.0
1080,248.0
1081,549.0
1082,261.0
1083,310.0
1084,269.0
1085,229.0
1086,811.0
1087,271.0
1088,321.0
1089,519.0
1090,578.0
1091,906.0
1092,362.0
1093,249.0
1094,306.0
1095,345.0
1096,300.0
1097,815.0
1098,453.0
1099,633.0
1100,979.0
1101,1.827
1102,1.0390000000000001
1103,1.43
1104,948.0
1105,995.0
1106,3.734
1107,611.0
1108,439.0
1109,2.423
1110,1.795
1111,1.835
1112,610.0
1113,674.0
1114,829.0
1115,724.0
1116,1.018
1117,2.718
1118,1.275
1119,2.285
1120,3.964
1121,6.439
1122,8.847000000000001
1123,6.433
1124,4.066
1125,3.0060000000000002
1126,7.438
1127,4.837
1128,3.61
1129,5.3229999999999995
1130,7.086
1131,7.495
1132,2.681
1133,2.6039999999999996
1134,7.956
1135,1.819
1136,1.791
1137,1.969
1138,1.307
1139,3.35
1140,1.6869999999999998
1141,5.414
1142,4.263999999999999
1143,4.81
1144,8.405
1145,2.079
1146,4.981
1147,7.691
1148,2.552
1149,5.263999999999999
1150,2.166
1151,4.607
1152,1.969
1153,2.763
1154,4.989
1155,1.415
1156,4.005
1157,49.0
1158,49.0
1159,114.0
1160,699.0
1161,1.02
1162,533.0
1163,1.736
1164,1.595
1165,239.0
1166,2.126
1167,3.175
1168,402.0
1169,605.0
1170,176.0
1171,168.0
1172,288.0
1173,348.0
1174,1.705
1175,408.0
1176,174.0
1177,82.0
1178,37.0
1179,24.0
1180,158.0
1181,848.0
1182,710.0
1183,423.0
1184,116.0
1185,169.0
1186,259.0
1187,52.0
1188,308.0
1189,226.0
1190,230.0
1191,477.0
1192,131.0
1193,144.0
1194,1.4080000000000001
1195,164.0
1196,0.0
1197,47.0
1198,1.0
1199,11.0
1200,33.0
1201,264.0
1202,143.0
1203,384.0
1204,211.0
1205,304.0
1206,166.0
1207,347.0
1208,288.0
1209,32.0
1210,273.0
1211,103.0
1212,115.0
1213,207.0
1214,100.0
1215,91.0
1216,0.0
1217,16.0
1218,6.0
1219,0.0
1220,75.0
1221,9.0
1222,5.0
1223,25.0
1224,23.0
1225,3.0
1226,12.0
1227,8.0
1228,63.0
1229,2.0
1230,41.0
1231,49.0
1232,18.0
1233,25.0
1234,13.0
1235,9.0
1236,0.0
1237,30.0
1238,9.0
1239,0.0
1240,17.0
1241,3.0
1242,1.0
1243,5.0
1244,3.0
1245,2.0
1246,2.0
1247,3.0
1248,40.0
1249,6.0
1250,10.0
1251,17.0
1252,6.0
1253,20.0
1254,4.0
1255,4.0
1256,0.0
1257,6.0
1258,15.0
1259,2.0
1260,5.0
1261,3.0
1262,2.0
1263,4.0
1264,1.0
1265,1.0
1266,0.0
1267,0.0
1268,7.0
1269,1.0
1270,2.0
1271,4.0
1272,4.0
1273,3.0
1274,10.0
1275,6.0
1276,0.0
1277,5.0
1278,7.0
1279,81.0
1280,10.0
1281,0.0
1282,3.0
1283,1.0
1284,0.0
1285,0.0
1286,0.0
1287,0.0
1288,2.0
1289,0.0
1290,19.0
1291,4.0
1292,4.0
1293,17.0
1294,8.0
1295,9.0
1296,1.0
1297,16.0
1298,16.0
1299,38.0
1300,13.0
1301,2.0
1302,1.0
1303,6.0
1304,0.0
1305,1.0
1306,1.0
1307,0.0
1308,3.0
1309,5.0
1310,28.0
1311,5.0
1312,19.0
1313,22.0
1314,45.0
1315,23.0
1316,76.0
1317,83.0
1318,18.0
1319,146.0
1320,12.0
1321,14.0
1322,16.0
1323,14.0
1324,1.0
1325,11.0
1326,3.0
1327,7.0
1328,44.0
1329,18.0
1330,50.0
1331,4.0
1332,47.0
1333,25.0
1334,124.0
1335,26.0
1336,93.0
1337,131.0
1338,79.0
1339,219.0
1340,111.0
1341,109.0
1342,61.0
1343,51.0
1344,50.0
1345,182.0
1346,32.0
1347,26.0
1348,202.0
1349,53.0
1350,278.0
1351,32.0
1352,155.0
1353,127.0
1354,293.0
1355,121.0
1356,590.0
1357,124.0
1358,127.0
1359,801.0
1360,172.0
1361,384.0
1362,144.0
1363,185.0
1364,237.0
1365,241.0
1366,177.0
1367,101.0
1368,357.0
1369,239.0
1370,609.0
1371,177.0
1372,155.0
1373,214.0
1374,370.0
1375,505.0
1376,1.014
1377,309.0
1378,875.0
1379,2.045
1380,1.6059999999999999
1381,1.761
1382,1.217
1383,1.3780000000000001
1384,581.0
1385,964.0
1386,816.0
1387,435.0
1388,502.0
1389,415.0
1390,1.104
1391,466.0
1392,517.0
1393,658.0
1394,1.31
1395,949.0
1396,575.0
1397,524.0
1398,669.0
1399,2.456
1400,2.715
1401,3.327
1402,2.9
1403,2.483
1404,1.012
1405,1.443
1406,1.7530000000000001
1407,1.653
1408,1.652
1409,1.561
1410,995.0
1411,1.081
1412,829.0
1413,1.081
1414,1.328
1415,812.0
1416,276.0
1417,397.0
1418,389.0
1419,545.0
1420,1.787
1421,2.436
1422,3.158
1423,1.36
1424,1.161
1425,1.177
1426,1.655
1427,1.9869999999999999
1428,578.0
1429,1.4409999999999998
1430,631.0
1431,956.0
1432,643.0
1433,1.021
1434,819.0
1435,0.0
1436,0.0
1437,0.0
1438,0.0
1439,0.0
1440,0.0
1441,0.0
1442,0.0
1443,0.0
1444,0.0
1445,0.0
1446,1.0
1447,2.0
1448,2.0
1449,0.0
1450,0.0
1451,0.0
1452,1.0
1453,1.0
1454,1.0
1455,0.0
1456,2.0
1457,0.0
1458,1.0
1459,0.0
1460,1.0
1461,0.0
1462,0.0
1463,0.0
1464,0.0
1465,0.0
1466,0.0
1467,4.0
1468,1.0
1469,0.0
1470,1.0
1471,1.0
1472,0.0
1473,2.0
1474,0.0
1475,0.0
1476,0.0
1477,0.0
1478,0.0
1479,0.0
1480,0.0
1481,0.0
1482,0.0
1483,0.0
1484,1.0
1485,2.0
1486,0.0
1487,0.0
1488,0.0
1489,0.0
1490,1.0
1491,1.0
1492,0.0
1493,1.0
1494,0.0
1495,0.0
1496,0.0
1497,0.0
1498,0.0
1499,1.0
1500,0.0
1501,1.0
1502,0.0
1503,0.0
1504,0.0
1505,1.0
1506,0.0
1507,8.0
1508,1.0
1509,4.0
1510,1.0
1511,2.0
1512,0.0
1513,5.0
1514,1.0
1515,0.0
1516,0.0
1517,2.0
1518,0.0
1519,1.0
1520,0.0
1521,9.0
1522,2.0
1523,3.0
1524,4.0
1525,6.0
1526,9.0
1527,23.0
1528,3.0
1529,0.0
1530,2.0
1531,9.0
1532,2.0
1533,15.0
1534,6.0
1535,2.0
1536,3.0
1537,1.0
1538,3.0
1539,7.0
1540,11.0
1541,6.0
1542,3.0
1543,2.0
1544,21.0
1545,0.0
1546,4.0
1547,21.0
1548,18.0
1549,6.0
1550,4.0
1551,6.0
1552,1.0
1553,42.0
1554,23.0
1555,17.0
1556,4.0
1557,15.0
1558,22.0
1559,33.0
1560,19.0
1561,37.0
1562,24.0
1563,10.0
1564,25.0
1565,12.0
1566,33.0
1567,85.0
1568,53.0
1569,29.0
1570,22.0
1571,27.0
1572,15.0
1573,79.0
1574,44.0
1575,48.0
1576,16.0
1577,9.0
1578,25.0
1579,53.0
1580,36.0
1581,108.0
1582,20.0
1583,40.0
1584,137.0
1585,30.0
1586,37.0
1587,159.0
1588,61.0
1589,55.0
1590,34.0
1591,99.0
1592,53.0
1593,29.0
1594,147.0
1595,33.0
1596,12.0
1597,3.0
1598,12.0
1599,33.0
1600,17.0
1601,100.0
1602,23.0
1603,20.0
1604,73.0
1605,54.0
1606,5.0
1607,196.0
1608,133.0
1609,64.0
1610,31.0
1611,72.0
1612,76.0
1613,58.0
1614,122.0
1615,3.0
1616,8.0
1617,18.0
1618,0.0
1619,19.0
1620,12.0
1621,18.0
1622,18.0
1623,1.0
1624,13.0
1625,6.0
1626,3.0
1627,6.0
1628,0.0
1629,15.0
1630,3.0
1631,34.0
1632,21.0
1633,9.0
1634,66.0
1635,0.0
1636,1.0
1637,0.0
1638,0.0
1639,1.0
1640,0.0
1641,0.0
1642,2.0
1643,0.0
1644,0.0
1645,4.0
1646,0.0
1647,0.0
1648,1.0
1649,0.0
1650,0.0
1651,0.0
1652,3.0
1653,1.0
1654,0.0
1655,0.0
1656,0.0
1657,0.0
1658,1.0
1659,1.0
1660,0.0
1661,0.0
1662,0.0
1663,0.0
1664,0.0
1665,0.0
1666,0.0
1667,1.0
1668,0.0
1669,0.0
1670,2.0
1671,0.0
1672,0.0
1673,0.0
1674,0.0
1675,33.0
1676,5.0
1677,1.0
1678,2.0
1679,4.0
1680,1.0
1681,4.0
1682,13.0
1683,0.0
1684,12.0
1685,4.0
1686,52.0
1687,3.0
1688,1.0
1689,10.0
1690,11.0
1691,76.0
1692,43.0
1693,13.0
1694,0.0
1695,10.0
1696,5.0
1697,5.0
1698,4.0
1699,11.0
1700,5.0
1701,1.0
1702,45.0
1703,3.0
1704,20.0
1705,12.0
1706,15.0
1707,42.0
1708,25.0
1709,15.0
1710,17.0
1711,60.0
1712,24.0
1713,8.0
1714,0.0
1715,8.0
1716,1.0
1717,2.0
1718,4.0
1719,28.0
1720,3.0
1721,3.0
1722,14.0
1723,9.0
1724,5.0
1725,11.0
1726,3.0
1727,5.0
1728,35.0
1729,13.0
1730,15.0
1731,25.0
1732,107.0
1733,9.0
1734,0.0
1735,2.0
1736,3.0
1737,2.0
1738,2.0
1739,22.0
1740,0.0
1741,4.0
1742,1.0
1743,2.0
1744,8.0
1745,8.0
1746,7.0
1747,3.0
1748,74.0
1749,16.0
1750,15.0
1751,33.0
1752,57.0
1753,7.0
1754,0.0
1755,16.0
1756,2.0
1757,8.0
1758,5.0
1759,1.0
1760,0.0
1761,5.0
1762,0.0
1763,1.0
1764,2.0
1765,7.0
1766,3.0
1767,2.0
1768,20.0
1769,14.0
1770,18.0
1771,17.0
1772,48.0
1773,10.0
1774,6.0
1775,6.0
1776,9.0
1777,9.0
1778,18.0
1779,19.0
1780,3.0
1781,8.0
1782,5.0
1783,4.0
1784,4.0
1785,12.0
1786,3.0
1787,7.0
1788,15.0
1789,22.0
1790,9.0
1791,18.0
1792,49.0
1793,37.0
1794,37.0
1795,9.0
1796,16.0
1797,12.0
1798,9.0
1799,27.0
1800,4.0
1801,9.0
1802,11.0
1803,13.0
1804,5.0
1805,25.0
1806,5.0
1807,18.0
1808,35.0
1809,20.0
1810,17.0
1811,30.0
1812,42.0
1813,3.0
1814,38.0
1815,60.0
1816,26.0
1817,30.0
1818,60.0
1819,118.0
1820,12.0
1821,12.0
1822,29.0
1823,82.0
1824,13.0
1825,17.0
1826,39.0
1827,93.0
1828,12.0
1829,53.0
1830,47.0
1831,35.0
1832,78.0
1833,30.0
1834,108.0
1835,64.0
1836,14.0
1837,38.0
1838,46.0
1839,252.0
1840,47.0
1841,8.0
1842,87.0
1843,63.0
1844,78.0
1845,57.0
1846,53.0
1847,108.0
1848,48.0
1849,30.0
1850,61.0
1851,228.0
1852,128.0
1853,58.0
1854,20.0
1855,23.0
1856,88.0
1857,19.0
1858,113.0
1859,159.0
1860,48.0
1861,62.0
1862,10.0
1863,79.0
1864,100.0
1865,13.0
1866,32.0
1867,38.0
1868,62.0
1869,37.0
1870,89.0
1871,307.0
1872,58.0
1873,56.0
1874,4.0
1875,9.0
1876,3.0
1877,3.0
1878,22.0
1879,49.0
1880,42.0
1881,0.0
1882,0.0
1883,112.0
1884,3.0
1885,18.0
1886,3.0
1887,6.0
1888,7.0
1889,11.0
1890,20.0
1891,141.0
1892,8.0
1893,3.0
1894,5.0
1895,0.0
1896,3.0
1897,1.0
1898,12.0
1899,18.0
1900,9.0
1901,5.0
1902,0.0
1903,14.0
1904,1.0
1905,32.0
1906,10.0
1907,1.0
1908,18.0
1909,9.0
1910,28.0
1911,61.0
1912,12.0
1913,0.0
1914,14.0
1915,10.0
1916,29.0
1917,12.0
1918,14.0
1919,10.0
1920,27.0
1921,85.0
1922,28.0
1923,23.0
1924,30.0
1925,59.0
1926,39.0
1927,21.0
1928,33.0
1929,80.0
1930,118.0
1931,52.0
1932,53.0
1933,0.0
1934,334.0
1935,11.0
1936,9.0
1937,9.0
1938,47.0
1939,11.0
1940,84.0
1941,21.0
1942,13.0
1943,25.0
1944,29.0
1945,86.0
1946,45.0
1947,37.0
1948,86.0
1949,44.0
1950,53.0
1951,117.0
1952,75.0
1953,0.0
1954,1.0
1955,4.0
1956,10.0
1957,48.0
1958,29.0
1959,36.0
1960,36.0
1961,29.0
1962,49.0
1963,20.0
1964,32.0
1965,65.0
1966,19.0
1967,57.0
1968,79.0
1969,80.0
1970,76.0
1971,136.0
1972,115.0
1973,0.0
1974,25.0
1975,16.0
1976,49.0
1977,78.0
1978,87.0
1979,32.0
1980,55.0
1981,22.0
1982,17.0
1983,36.0
1984,11.0
1985,105.0
1986,71.0
1987,89.0
1988,42.0
1989,138.0
1990,89.0
1991,167.0
1992,60.0
1993,0.0
1994,99.0
1995,58.0
1996,85.0
1997,171.0
1998,57.0
1999,157.0
2000,164.0
2001,33.0
2002,94.0
2003,41.0
2004,104.0
2005,239.0
2006,136.0
2007,103.0
2008,150.0
2009,210.0
2010,129.0
2011,233.0
2012,135.0
2013,172.0
2014,250.0
2015,222.0
2016,212.0
2017,302.0
2018,321.0
2019,422.0
2020,189.0
2021,70.0
2022,186.0
2023,55.0
2024,179.0
2025,278.0
2026,314.0
2027,245.0
2028,192.0
2029,318.0
2030,277.0
2031,289.0
2032,442.0
2033,512.0
2034,311.0
2035,332.0
2036,371.0
2037,686.0
2038,322.0
2039,778.0
2040,363.0
2041,169.0
2042,399.0
2043,193.0
2044,470.0
2045,941.0
2046,607.0
2047,564.0
2048,350.0
2049,446.0
2050,347.0
2051,837.0
2052,577.0
2053,2.218
2054,1.198
2055,925.0
2056,787.0
2057,1.4280000000000002
2058,902.0
2059,1.4980000000000002
2060,639.0
2061,588.0
2062,2.3819999999999997
2063,568.0
2064,647.0
2065,2.9139999999999997
2066,1.6130000000000002
2067,912.0
2068,488.0
2069,1.255
2070,943.0
2071,1.032
2072,1.492
2073,2.867
2074,1.8980000000000001
2075,1.2930000000000001
2076,1.8630000000000002
2077,3.52
2078,1.662
2079,2.965
2080,1.341
2081,1.463
2082,3.745
2083,1.255
2084,685.0
2085,5.075
2086,2.259
2087,2.452
2088,684.0
2089,1.6869999999999998
2090,2.296
2091,1.703
2092,3.238
2093,1.034
2094,743.0
2095,905.0
2096,479.0
2097,1.367
2098,1.183
2099,1.275
2100,1.7169999999999999
2101,178.0
2102,1.195
2103,1.2309999999999999
2104,367.0
2105,1.227
2106,476.0
2107,1.524
2108,606.0
2109,1.9469999999999998
2110,1.807
2111,522.0
2112,2.401
2113,47.0
2114,110.0
2115,26.0
2116,15.0
2117,192.0
2118,168.0
2119,291.0
2120,144.0
2121,91.0
2122,79.0
2123,90.0
2124,89.0
2125,67.0
2126,59.0
2127,57.0
2128,183.0
2129,181.0
2130,547.0
2131,123.0
2132,117.0
2133,13.0
2134,20.0
2135,6.0
2136,18.0
2137,115.0
2138,129.0
2139,56.0
2140,5.0
2141,7.0
2142,16.0
2143,6.0
2144,39.0
2145,48.0
2146,39.0
2147,93.0
2148,86.0
2149,68.0
2150,179.0
2151,64.0
2152,0.0
2153,54.0
2154,19.0
2155,29.0
2156,48.0
2157,436.0
2158,241.0
2159,450.0
2160,221.0
2161,428.0
2162,121.0
2163,240.0
2164,319.0
2165,124.0
2166,326.0
2167,209.0
2168,195.0
2169,494.0
2170,412.0
2171,187.0
2172,0.0
2173,6.0
2174,11.0
2175,1.0
2176,116.0
2177,11.0
2178,22.0
2179,56.0
2180,22.0
2181,13.0
2182,45.0
2183,20.0
2184,93.0
2185,9.0
2186,46.0
2187,62.0
2188,29.0
2189,95.0
2190,318.0
2191,47.0
2192,0.0
2193,17.0
2194,6.0
2195,0.0
2196,16.0
2197,16.0
2198,18.0
2199,9.0
2200,14.0
2201,52.0
2202,4.0
2203,33.0
2204,82.0
2205,22.0
2206,49.0
2207,30.0
2208,59.0
2209,53.0
2210,113.0
2211,32.0
2212,0.0
2213,4.0
2214,6.0
2215,2.0
2216,28.0
2217,79.0
2218,44.0
2219,43.0
2220,9.0
2221,5.0
2222,26.0
2223,14.0
2224,128.0
2225,37.0
2226,97.0
2227,62.0
2228,78.0
2229,119.0
2230,113.0
2231,91.0
2232,0.0
2233,3.0
2234,28.0
2235,21.0
2236,71.0
2237,60.0
2238,145.0
2239,74.0
2240,5.0
2241,73.0
2242,26.0
2243,19.0
2244,273.0
2245,73.0
2246,286.0
2247,100.0
2248,148.0
2249,194.0
2250,206.0
2251,142.0
2252,78.0
2253,32.0
2254,94.0
2255,100.0
2256,230.0
2257,338.0
2258,706.0
2259,529.0
2260,131.0
2261,515.0
2262,235.0
2263,279.0
2264,494.0
2265,602.0
2266,915.0
2267,498.0
2268,812.0
2269,887.0
2270,709.0
2271,885.0
2272,274.0
2273,258.0
2274,233.0
2275,549.0
2276,1.271
2277,1.103
2278,1.3659999999999999
2279,1.1520000000000001
2280,512.0
2281,1.205
2282,502.0
2283,972.0
2284,2.323
2285,1.024
2286,3.548
2287,1.111
2288,2.068
2289,1.642
2290,2.096
2291,2.521
2292,1.176
2293,895.0
2294,839.0
2295,2.037
2296,3.4810000000000003
2297,2.023
2298,1.889
2299,2.239
2300,1.382
2301,8.408999999999999
2302,713.0
2303,1.766
2304,6.353
2305,2.138
2306,10.395
2307,2.0980000000000003
2308,5.5920000000000005
2309,5.428
2310,3.7230000000000003
2311,3.875
2312,3.935
2313,1.739
2314,1.365
2315,4.618
2316,3.181
2317,5.877999999999999
2318,4.673
2319,6.292000000000001
2320,2.907
2321,8.524
2322,2.761
2323,2.404
2324,9.795
2325,4.632
2326,7.626
2327,3.88
2328,4.373
2329,6.422999999999999
2330,3.1660000000000004
2331,14.825
2332,5.1370000000000005
2333,3.208
2334,2.654
2335,6.6610000000000005
2336,5.182
2337,6.085
2338,3.6039999999999996
2339,6.472
2340,3.0239999999999996
2341,4.772
2342,3.498
2343,1.861
2344,3.228
2345,2.404
2346,5.0
2347,2.918
2348,5.812
2349,6.746
2350,5.351
2351,6.011
2352,2.237
2353,1.494
2354,2.267
2355,3.525
2356,5.83
2357,4.928999999999999
2358,6.398
2359,4.769
2360,2.004
2361,2.2969999999999997
2362,2.331
2363,5.0
2364,4.005
2365,2.261
2366,2.01
2367,2.529
2368,3.8689999999999998
2369,4.35
2370,3.9819999999999998
2371,2.3
2372,1.399
2373,1.001
2374,1.4609999999999999
2375,1.296
2376,2.165
2377,2.424
2378,3.255
2379,1.66
2380,1.052
2381,800.0
2382,1.101
2383,1.768
2384,1.8030000000000002
2385,1.629
2386,1.296
2387,2.6919999999999997
2388,2.4
2389,3.7060000000000004
2390,1.577
2391,0.0
2392,39.0
2393,44.0
2394,44.0
2395,172.0
2396,896.0
2397,301.0
2398,438.0
2399,947.0
2400,476.0
2401,245.0
2402,527.0
2403,298.0
2404,171.0
2405,166.0
2406,269.0
2407,315.0
2408,960.0
2409,374.0
2410,482.0
2411,0.0
2412,28.0
2413,35.0
2414,54.0
2415,22.0
2416,592.0
2417,272.0
2418,871.0
2419,383.0
2420,213.0
2421,180.0
2422,248.0
2423,431.0
2424,119.0
2425,193.0
2426,375.0
2427,199.0
2428,542.0
2429,1.05
2430,337.0
2431,0.0
2432,18.0
2433,60.0
2434,24.0
2435,103.0
2436,554.0
2437,743.0
2438,362.0
2439,448.0
2440,476.0
2441,180.0
2442,325.0
2443,605.0
2444,252.0
2445,423.0
2446,563.0
2447,655.0
2448,705.0
2449,1.085
2450,719.0
2451,0.0
2452,76.0
2453,59.0
2454,309.0
2455,641.0
2456,903.0
2457,441.0
2458,372.0
2459,161.0
2460,79.0
2461,274.0
2462,169.0
2463,769.0
2464,345.0
2465,521.0
2466,338.0
2467,859.0
2468,947.0
2469,1.77
2470,606.0
2471,0.0
2472,731.0
2473,1.194
2474,1.193
2475,2.528
2476,942.0
2477,2.4130000000000003
2478,1.641
2479,269.0
2480,359.0
2481,119.0
2482,516.0
2483,1.3130000000000002
2484,547.0
2485,812.0
2486,739.0
2487,933.0
2488,541.0
2489,1.081
2490,845.0
2491,2.201
2492,2.201
2493,4.3580000000000005
2494,6.665
2495,7.877999999999999
2496,4.313
2497,9.812999999999999
2498,2.294
2499,856.0
2500,1.339
2501,403.0
2502,979.0
2503,1.025
2504,974.0
2505,1.651
2506,1.213
2507,1.795
2508,1.402
2509,1.4169999999999998
2510,2.041
2511,3.7119999999999997
2512,3.926
2513,1.338
2514,1.555
2515,5.6610000000000005
2516,5.435
2517,11.517000000000001
2518,4.172
2519,1.9409999999999998
2520,1.79
2521,1.117
2522,1.6130000000000002
2523,3.4419999999999997
2524,1.061
2525,2.008
2526,1.63
2527,2.255
2528,1.5330000000000001
2529,3.495
2530,2.79
2531,15.405999999999999
2532,18.566
2533,6.063
2534,7.7620000000000005
2535,14.085999999999999
2536,11.132
2537,13.603
2538,11.57
2539,6.218
2540,14.453
2541,2.875
2542,2.25
2543,14.607999999999999
2544,2.628
2545,6.195
2546,3.568
2547,7.167000000000001
2548,5.112
2549,6.228
2550,6.229
2551,10.363
2552,11.729000000000001
2553,6.251
2554,8.49
2555,11.034
2556,15.79
2557,24.994
2558,20.551
2559,12.661
2560,25.963
2561,7.965
2562,3.1289999999999996
2563,18.366
2564,6.332000000000001
2565,10.344000000000001
2566,5.5760000000000005
2567,7.081
2568,11.068
2569,8.98
2570,23.945
2571,2.707
2572,6.109
2573,6.062
2574,6.542999999999999
2575,9.375
2576,5.341
2577,9.295
2578,7.765
2579,2.327
2580,4.89
2581,6.3260000000000005
2582,2.5789999999999997
2583,4.465
2584,2.01
2585,2.8369999999999997
2586,1.986
2587,5.281000000000001
2588,6.49
2589,2.7489999999999997
2590,4.8
2591,182.0
2592,842.0
2593,502.0
2594,373.0
2595,2.905
2596,2.097
2597,2.405
2598,1.368
2599,1.031
2600,299.0
2601,190.0
2602,588.0
2603,768.0
2604,1.103
2605,375.0
2606,1.064
2607,1.018
2608,1.93
2609,918.0
2610,813.0
2611,76.0
2612,47.0
2613,98.0
2614,37.0
2615,1.157
2616,1.6219999999999999
2617,1.217
2618,246.0
2619,23.0
2620,81.0
2621,159.0
2622,171.0
2623,846.0
2624,431.0
2625,492.0
2626,447.0
2627,466.0
2628,1.777
2629,425.0
2630,0.0
2631,239.0
2632,326.0
2633,97.0
2634,304.0
2635,182.0
2636,258.0
2637,59.0
2638,59.0
2639,19.0
2640,63.0
2641,229.0
2642,72.0
2643,129.0
2644,201.0
2645,174.0
2646,197.0
2647,226.0
2648,127.0
2649,355.0
2650,0.0
2651,69.0
2652,81.0
2653,89.0
2654,98.0
2655,108.0
2656,169.0
2657,221.0
2658,104.0
2659,111.0
2660,78.0
2661,164.0
2662,157.0
2663,61.0
2664,112.0
2665,100.0
2666,139.0
2667,148.0
2668,187.0
2669,165.0
2670,0.0
2671,100.0
2672,23.0
2673,39.0
2674,115.0
2675,137.0
2676,225.0
2677,158.0
2678,137.0
2679,137.0
2680,97.0
2681,118.0
2682,149.0
2683,37.0
2684,169.0
2685,158.0
2686,95.0
2687,190.0
2688,143.0
2689,170.0
2690,0.0
2691,97.0
2692,90.0
2693,108.0
2694,230.0
2695,126.0
2696,97.0
2697,126.0
2698,51.0
2699,46.0
2700,72.0
2701,291.0
2702,136.0
2703,23.0
2704,97.0
2705,78.0
2706,129.0
2707,65.0
2708,161.0
2709,59.0
2710,0.0
2711,206.0
2712,127.0
2713,112.0
2714,88.0
2715,74.0
2716,25.0
2717,328.0
2718,99.0
2719,62.0
2720,34.0
2721,927.0
2722,105.0
2723,81.0
2724,157.0
2725,72.0
2726,70.0
2727,58.0
2728,97.0
2729,72.0
2730,82.0
2731,127.0
2732,157.0
2733,249.0
2734,517.0
2735,170.0
2736,394.0
2737,439.0
2738,89.0
2739,141.0
2740,24.0
2741,376.0
2742,149.0
2743,104.0
2744,96.0
2745,35.0
2746,84.0
2747,299.0
2748,120.0
2749,175.0
2750,360.0
2751,1.297
2752,160.0
2753,591.0
2754,935.0
2755,182.0
2756,529.0
2757,859.0
2758,289.0
2759,197.0
2760,116.0
2761,354.0
2762,589.0
2763,250.0
2764,538.0
2765,201.0
2766,193.0
2767,371.0
2768,687.0
2769,1.05
2770,228.0
2771,4.355
2772,530.0
2773,2.484
2774,3.984
2775,953.0
2776,1.4080000000000001
2777,4.484
2778,1.129
2779,1.8230000000000002
2780,456.0
2781,816.0
2782,1.7209999999999999
2783,552.0
2784,2.951
2785,677.0
2786,312.0
2787,1.2930000000000001
2788,1.4809999999999999
2789,1.4880000000000002
2790,457.0
2791,2.969
2792,510.0
2793,1.383
2794,2.252
2795,1.124
2796,2.511
2797,1.87
2798,1.078
2799,4.446000000000001
2800,1.62
2801,1.146
2802,1.505
2803,1.072
2804,2.2640000000000002
2805,1.074
2806,365.0
2807,1.482
2808,2.383
2809,2.984
2810,576.0
2811,2.053
2812,657.0
2813,563.0
2814,2.173
2815,541.0
2816,960.0
2817,647.0
2818,244.0
2819,668.0
2820,432.0
2821,854.0
2822,597.0
2823,276.0
2824,652.0
2825,378.0
2826,581.0
2827,507.0
2828,1.2
2829,685.0
2830,306.0
2831,1.194
2832,274.0
2833,220.0
2834,1.47
2835,380.0
2836,208.0
2837,159.0
2838,83.0
2839,82.0
2840,50.0
2841,439.0
2842,259.0
2843,445.0
2844,115.0
2845,423.0
2846,190.0
2847,276.0
2848,258.0
2849,133.0
2850,100.0
2851,306.0
2852,139.0
2853,143.0
2854,376.0
2855,153.0
2856,110.0
2857,46.0
2858,18.0
2859,15.0
2860,208.0
2861,87.0
2862,276.0
2863,577.0
2864,194.0
2865,195.0
2866,84.0
2867,394.0
2868,123.0
2869,0.0
2870,36.0
2871,24.0
2872,18.0
2873,29.0
2874,37.0
2875,22.0
2876,28.0
2877,109.0
2878,91.0
2879,85.0
2880,74.0
2881,118.0
2882,61.0
2883,75.0
2884,75.0
2885,133.0
2886,147.0
2887,61.0
2888,106.0
2889,0.0
2890,112.0
2891,20.0
2892,39.0
2893,62.0
2894,126.0
2895,29.0
2896,79.0
2897,96.0
2898,71.0
2899,59.0
2900,74.0
2901,155.0
2902,111.0
2903,123.0
2904,143.0
2905,157.0
2906,84.0
2907,207.0
2908,61.0
2909,0.0
2910,13.0
2911,24.0
2912,13.0
2913,62.0
2914,81.0
2915,81.0
2916,107.0
2917,69.0
2918,155.0
2919,61.0
2920,106.0
2921,109.0
2922,67.0
2923,152.0
2924,110.0
2925,77.0
2926,80.0
2927,123.0
2928,105.0
2929,0.0
2930,27.0
2931,49.0
2932,60.0
2933,99.0
2934,215.0
2935,48.0
2936,89.0
2937,50.0
2938,35.0
2939,113.0
2940,26.0
2941,112.0
2942,66.0
2943,180.0
2944,61.0
2945,161.0
2946,109.0
2947,172.0
2948,69.0
2949,0.0
2950,51.0
2951,67.0
2952,83.0
2953,98.0
2954,75.0
2955,79.0
2956,134.0
2957,62.0
2958,124.0
2959,50.0
2960,128.0
2961,179.0
2962,151.0
2963,144.0
2964,150.0
2965,224.0
2966,114.0
2967,186.0
2968,125.0
2969,70.0
2970,132.0
2971,135.0
2972,166.0
2973,207.0
2974,245.0
2975,209.0
2976,246.0
2977,73.0
2978,184.0
2979,48.0
2980,173.0
2981,139.0
2982,304.0
2983,219.0
2984,144.0
2985,376.0
2986,200.0
2987,263.0
2988,360.0
2989,232.0
2990,318.0
2991,345.0
2992,266.0
2993,741.0
2994,407.0
2995,625.0
2996,467.0
2997,336.0
2998,446.0
2999,194.0
3000,477.0
3001,707.0
3002,801.0
3003,669.0
3004,462.0
3005,559.0
3006,288.0
3007,1.004
3008,610.0
3009,875.0
3010,1.19
3011,769.0
3012,858.0
3013,2.041
3014,1.955
3015,1.642
3016,1.0290000000000001
3017,959.0
3018,2.975
3019,605.0
3020,685.0
3021,3.353
3022,2.742
3023,901.0
3024,911.0
3025,1.952
3026,1.0590000000000002
3027,1.433
3028,2.142
3029,1.9809999999999999
3030,2.6860000000000004
3031,1.08
3032,1.597
3033,3.1
3034,7.091
3035,4.3389999999999995
3036,2.0469999999999997
3037,2.78
3038,5.088
3039,2.552
3040,1.31
3041,5.059
3042,5.978
3043,3.219
3044,1.656
3045,3.4539999999999997
3046,3.088
3047,2.093
3048,4.697
3049,1.093
3050,1.3630000000000002
3051,1.954
3052,528.0
3053,4.788
3054,5.391
3055,2.736
3056,6.546
3057,616.0
3058,3.467
3059,3.787
3060,1.013
3061,2.048
3062,1.206
3063,3.97
3064,1.2209999999999999
3065,4.735
3066,3.708
3067,948.0
3068,3.062
3069,32.0
3070,271.0
3071,43.0
3072,62.0
3073,417.0
3074,399.0
3075,914.0
3076,422.0
3077,59.0
3078,1.305
3079,892.0
3080,246.0
3081,82.0
3082,153.0
3083,220.0
3084,277.0
3085,398.0
3086,1.453
3087,126.0
3088,136.0
3089,21.0
3090,32.0
3091,14.0
3092,44.0
3093,225.0
3094,225.0
3095,125.0
3096,65.0
3097,32.0
3098,95.0
3099,25.0
3100,108.0
3101,105.0
3102,43.0
3103,189.0
3104,98.0
3105,155.0
3106,295.0
3107,91.0
3108,0.0
3109,87.0
3110,30.0
3111,34.0
3112,144.0
3113,900.0
3114,579.0
3115,1.768
3116,403.0
3117,467.0
3118,131.0
3119,241.0
3120,437.0
3121,108.0
3122,392.0
3123,167.0
3124,251.0
3125,725.0
3126,1.3219999999999998
3127,219.0
3128,0.0
3129,285.0
3130,29.0
3131,16.0
3132,120.0
3133,34.0
3134,20.0
3135,85.0
3136,49.0
3137,23.0
3138,54.0
3139,15.0
3140,102.0
3141,13.0
3142,63.0
3143,30.0
3144,37.0
3145,108.0
3146,430.0
3147,14.0
3148,0.0
3149,7.0
3150,181.0
3151,0.0
3152,14.0
3153,27.0
3154,22.0
3155,21.0
3156,10.0
3157,6.0
3158,4.0
3159,4.0
3160,110.0
3161,21.0
3162,30.0
3163,19.0
3164,34.0
3165,61.0
3166,81.0
3167,42.0
3168,0.0
3169,6.0
3170,40.0
3171,0.0
3172,11.0
3173,14.0
3174,23.0
3175,14.0
3176,2.0
3177,0.0
3178,7.0
3179,8.0
3180,22.0
3181,10.0
3182,11.0
3183,20.0
3184,27.0
3185,27.0
3186,66.0
3187,45.0
3188,0.0
3189,4.0
3190,12.0
3191,7.0
3192,18.0
3193,3.0
3194,44.0
3195,37.0
3196,0.0
3197,9.0
3198,0.0
3199,7.0
3200,57.0
3201,16.0
3202,59.0
3203,42.0
3204,70.0
3205,95.0
3206,154.0
3207,114.0
3208,58.0
3209,37.0
3210,59.0
3211,42.0
3212,149.0
3213,64.0
3214,340.0
3215,304.0
3216,78.0
3217,129.0
3218,48.0
3219,38.0
3220,94.0
3221,105.0
3222,183.0
3223,173.0
3224,319.0
3225,265.0
3226,502.0
3227,679.0
3228,638.0
3229,982.0
3230,426.0
3231,708.0
3232,772.0
3233,1.571
3234,4.436
3235,4.364
3236,615.0
3237,476.0
3238,971.0
3239,397.0
3240,1.432
3241,632.0
3242,661.0
3243,447.0
3244,825.0
3245,906.0
3246,1.579
3247,4.985
3248,6.815
3249,6.178
3250,5.484
3251,9.043
3252,15.664000000000001
3253,6.255
3254,12.812000000000001
3255,13.055
3256,7.575
3257,14.352
3258,4.435
3259,3.859
3260,18.13
3261,2.195
3262,6.9639999999999995
3263,2.161
3264,8.555
3265,7.912999999999999
3266,4.863
3267,11.962
3268,6.237
3269,4.419
3270,2.569
3271,6.138999999999999
3272,5.609
3273,8.447000000000001
3274,9.471
3275,9.032
3276,8.372
3277,14.59
3278,6.294
3279,6.051
3280,10.81
3281,5.185
3282,6.87
3283,3.36
3284,6.787000000000001
3285,11.068
3286,3.9530000000000003
3287,25.004
3288,3.665
3289,5.026
3290,4.313
3291,5.096
3292,5.189
3293,3.803
3294,4.726
3295,5.083
3296,5.9639999999999995
3297,2.504
3298,6.653
3299,6.3420000000000005
3300,3.843
3301,3.141
3302,3.714
3303,4.921
3304,6.4479999999999995
3305,7.781000000000001
3306,5.281000000000001
3307,7.627999999999999
3308,1.861
3309,2.682
3310,3.366
3311,4.938
3312,7.996
3313,6.195
3314,9.842
3315,4.968
3316,2.883
3317,2.89
3318,2.403
3319,10.012
3320,4.417
3321,3.043
3322,6.156000000000001
3323,3.688
3324,7.767
3325,9.642999999999999
3326,7.879
3327,9.079
3328,1.008
3329,766.0
3330,1.6980000000000002
3331,2.5639999999999996
3332,3.1180000000000003
3333,4.787
3334,5.507999999999999
3335,1.495
3336,1.4169999999999998
3337,689.0
3338,684.0
3339,2.832
3340,1.6119999999999999
3341,3.218
3342,1.8119999999999998
3343,5.513999999999999
3344,4.828
3345,6.61
3346,3.3
3347,0.0
3348,26.0
3349,0.0
3350,11.0
3351,5.0
3352,70.0
3353,33.0
3354,178.0
3355,83.0
3356,69.0
3357,77.0
3358,115.0
3359,46.0
3360,11.0
3361,61.0
3362,38.0
3363,75.0
3364,42.0
3365,18.0
3366,23.0
3367,0.0
3368,2.0
3369,11.0
3370,6.0
3371,18.0
3372,3.0
3373,3.0
3374,15.0
3375,7.0
3376,7.0
3377,20.0
3378,9.0
3379,15.0
3380,5.0
3381,15.0
3382,9.0
3383,6.0
3384,15.0
3385,4.0
3386,8.0
3387,0.0
3388,1.0
3389,5.0
3390,0.0
3391,3.0
3392,0.0
3393,3.0
3394,13.0
3395,4.0
3396,1.0
3397,8.0
3398,2.0
3399,16.0
3400,6.0
3401,4.0
3402,3.0
3403,18.0
3404,7.0
3405,1.0
3406,2.0
3407,0.0
3408,3.0
3409,1.0
3410,0.0
3411,1.0
3412,0.0
3413,3.0
3414,2.0
3415,0.0
3416,0.0
3417,0.0
3418,1.0
3419,2.0
3420,2.0
3421,13.0
3422,6.0
3423,8.0
3424,11.0
3425,1.0
3426,1.0
3427,0.0
3428,0.0
3429,0.0
3430,4.0
3431,1.0
3432,0.0
3433,1.0
3434,0.0
3435,0.0
3436,0.0
3437,0.0
3438,0.0
3439,10.0
3440,0.0
3441,10.0
3442,3.0
3443,1.0
3444,6.0
3445,1.0
3446,1.0
3447,3.0
3448,1.0
3449,2.0
3450,0.0
3451,1.0
3452,0.0
3453,0.0
3454,0.0
3455,0.0
3456,0.0
3457,0.0
3458,0.0
3459,3.0
3460,2.0
3461,5.0
3462,3.0
3463,1.0
3464,0.0
3465,4.0
3466,0.0
3467,0.0
3468,1.0
3469,0.0
3470,8.0
3471,8.0
3472,6.0
3473,1.0
3474,0.0
3475,1.0
3476,1.0
3477,0.0
3478,3.0
3479,7.0
3480,6.0
3481,5.0
3482,1.0
3483,9.0
3484,3.0
3485,22.0
3486,2.0
3487,3.0
3488,4.0
3489,7.0
3490,34.0
3491,38.0
3492,14.0
3493,18.0
3494,0.0
3495,3.0
3496,8.0
3497,1.0
3498,4.0
3499,9.0
3500,12.0
3501,13.0
3502,3.0
3503,30.0
3504,5.0
3505,50.0
3506,3.0
3507,50.0
3508,14.0
3509,9.0
3510,98.0
3511,63.0
3512,81.0
3513,34.0
3514,13.0
3515,27.0
3516,22.0
3517,21.0
3518,28.0
3519,37.0
3520,55.0
3521,71.0
3522,25.0
3523,51.0
3524,48.0
3525,131.0
3526,30.0
3527,179.0
3528,48.0
3529,125.0
3530,279.0
3531,193.0
3532,381.0
3533,190.0
3534,155.0
3535,135.0
3536,111.0
3537,80.0
3538,117.0
3539,150.0
3540,200.0
3541,136.0
3542,58.0
3543,70.0
3544,121.0
3545,304.0
3546,123.0
3547,46.0
3548,38.0
3549,65.0
3550,294.0
3551,238.0
3552,538.0
3553,331.0
3554,280.0
3555,215.0
3556,256.0
3557,175.0
3558,428.0
3559,451.0
3560,359.0
3561,130.0
3562,95.0
3563,111.0
3564,206.0
3565,132.0
3566,101.0
3567,51.0
3568,40.0
3569,34.0
3570,70.0
3571,163.0
3572,288.0
3573,351.0
3574,159.0
3575,196.0
3576,133.0
3577,187.0
3578,270.0
3579,65.0
3580,179.0
3581,62.0
3582,78.0
3583,62.0
3584,122.0
3585,8.0
3586,0.0
3587,7.0
3588,49.0
3589,32.0
3590,47.0
3591,109.0
3592,88.0
3593,55.0
3594,78.0
3595,11.0
3596,35.0
3597,35.0
3598,18.0
3599,35.0
3600,31.0
3601,28.0
3602,86.0
3603,120.0
3604,113.0
3605,55.0
3606,0.0
3607,22.0
3608,67.0
3609,8.0
3610,24.0
3611,46.0
3612,42.0
3613,77.0
3614,60.0
3615,32.0
3616,38.0
3617,21.0
3618,46.0
3619,8.0
3620,40.0
3621,9.0
3622,52.0
3623,58.0
3624,31.0
3625,60.0
3626,0.0
3627,40.0
3628,52.0
3629,12.0
3630,18.0
3631,76.0
3632,83.0
3633,84.0
3634,56.0
3635,54.0
3636,43.0
3637,57.0
3638,22.0
3639,21.0
3640,55.0
3641,18.0
3642,42.0
3643,55.0
3644,63.0
3645,43.0
3646,0.0
3647,39.0
3648,51.0
3649,43.0
3650,84.0
3651,130.0
3652,68.0
3653,22.0
3654,49.0
3655,14.0
3656,62.0
3657,80.0
3658,71.0
3659,38.0
3660,38.0
3661,72.0
3662,38.0
3663,83.0
3664,167.0
3665,77.0
3666,0.0
3667,57.0
3668,43.0
3669,26.0
3670,65.0
3671,115.0
3672,9.0
3673,125.0
3674,90.0
3675,14.0
3676,41.0
3677,117.0
3678,39.0
3679,97.0
3680,86.0
3681,85.0
3682,109.0
3683,77.0
3684,72.0
3685,49.0
3686,36.0
3687,31.0
3688,53.0
3689,43.0
3690,115.0
3691,159.0
3692,147.0
3693,114.0
3694,62.0
3695,57.0
3696,17.0
3697,105.0
3698,55.0
3699,162.0
3700,77.0
3701,52.0
3702,112.0
3703,201.0
3704,238.0
3705,169.0
3706,59.0
3707,94.0
3708,98.0
3709,122.0
3710,172.0
3711,101.0
3712,148.0
3713,155.0
3714,139.0
3715,60.0
3716,87.0
3717,34.0
3718,196.0
3719,262.0
3720,111.0
3721,168.0
3722,215.0
3723,137.0
3724,504.0
3725,891.0
3726,42.0
3727,938.0
3728,849.0
3729,342.0
3730,1.5930000000000002
3731,1.896
3732,1.237
3733,800.0
3734,844.0
3735,580.0
3736,205.0
3737,844.0
3738,733.0
3739,435.0
3740,522.0
3741,481.0
3742,646.0
3743,651.0
3744,1.01
3745,987.0
3746,61.0
3747,878.0
3748,381.0
3749,258.0
3750,1.071
3751,2.4459999999999997
3752,1.36
3753,386.0
3754,866.0
3755,960.0
3756,413.0
3757,149.0
3758,270.0
3759,913.0
3760,459.0
3761,476.0
3762,443.0
3763,599.0
3764,1.371
3765,1.706
3766,61.0
3767,452.0
3768,658.0
3769,209.0
3770,399.0
3771,1.228
3772,666.0
3773,157.0
3774,327.0
3775,194.0
3776,78.0
3777,424.0
3778,230.0
3779,256.0
3780,145.0
3781,233.0
3782,411.0
3783,158.0
3784,193.0
3785,134.0
3786,143.0
3787,447.0
3788,85.0
3789,89.0
3790,425.0
3791,503.0
3792,388.0
3793,597.0
3794,60.0
3795,59.0
3796,39.0
3797,90.0
3798,183.0
3799,138.0
3800,142.0
3801,126.0
3802,68.0
3803,18.0
3804,275.0
3805,292.0
3806,82.0
3807,254.0
3808,159.0
3809,85.0
3810,165.0
3811,171.0
3812,151.0
3813,40.0
3814,6.0
3815,22.0
3816,62.0
3817,30.0
3818,37.0
3819,78.0
3820,54.0
3821,155.0
3822,78.0
3823,30.0
3824,45.0
3825,0.0
3826,102.0
3827,3.0
3828,7.0
3829,10.0
3830,188.0
3831,29.0
3832,221.0
3833,148.0
3834,156.0
3835,170.0
3836,256.0
3837,47.0
3838,49.0
3839,146.0
3840,55.0
3841,99.0
3842,109.0
3843,24.0
3844,52.0
3845,0.0
3846,13.0
3847,4.0
3848,2.0
3849,19.0
3850,35.0
3851,8.0
3852,33.0
3853,41.0
3854,21.0
3855,48.0
3856,28.0
3857,33.0
3858,25.0
3859,64.0
3860,29.0
3861,25.0
3862,55.0
3863,19.0
3864,23.0
3865,0.0
3866,27.0
3867,14.0
3868,0.0
3869,24.0
3870,9.0
3871,6.0
3872,45.0
3873,18.0
3874,4.0
3875,32.0
3876,15.0
3877,59.0
3878,39.0
3879,44.0
3880,40.0
3881,36.0
3882,33.0
3883,4.0
3884,7.0
3885,0.0
3886,2.0
3887,1.0
3888,2.0
3889,5.0
3890,7.0
3891,5.0
3892,1.0
3893,2.0
3894,1.0
3895,5.0
3896,3.0
3897,2.0
3898,22.0
3899,46.0
3900,11.0
3901,10.0
3902,30.0
3903,8.0
3904,9.0
3905,0.0
3906,6.0
3907,7.0
3908,5.0
3909,13.0
3910,1.0
3911,2.0
3912,1.0
3913,1.0
3914,0.0
3915,0.0
3916,0.0
3917,8.0
3918,1.0
3919,36.0
3920,9.0
3921,4.0
3922,17.0
3923,6.0
3924,13.0
3925,1.0
3926,7.0
3927,4.0
3928,2.0
3929,1.0
3930,2.0
3931,4.0
3932,3.0
3933,0.0
3934,1.0
3935,0.0
3936,1.0
3937,1.0
3938,4.0
3939,12.0
3940,12.0
3941,3.0
3942,3.0
3943,4.0
3944,5.0
3945,5.0
3946,2.0
3947,0.0
3948,6.0
3949,8.0
3950,5.0
3951,13.0
3952,1.0
3953,1.0
3954,3.0
3955,0.0
3956,1.0
3957,7.0
3958,2.0
3959,11.0
3960,4.0
3961,11.0
3962,13.0
3963,17.0
3964,2.0
3965,12.0
3966,3.0
3967,31.0
3968,27.0
3969,37.0
3970,26.0
3971,41.0
3972,10.0
3973,8.0
3974,20.0
3975,2.0
3976,10.0
3977,29.0
3978,27.0
3979,27.0
3980,14.0
3981,23.0
3982,21.0
3983,42.0
3984,20.0
3985,177.0
3986,64.0
3987,130.0
3988,298.0
3989,374.0
3990,510.0
3991,192.0
3992,154.0
3993,147.0
3994,164.0
3995,92.0
3996,164.0
3997,179.0
3998,243.0
3999,192.0
4000,143.0
4001,63.0
4002,116.0
4003,171.0
4004,69.0
4005,372.0
4006,180.0
4007,411.0
4008,461.0
4009,638.0
4010,859.0
4011,545.0
4012,408.0
4013,310.0
4014,702.0
4015,274.0
4016,254.0
4017,347.0
4018,461.0
4019,222.0
4020,161.0
4021,174.0
4022,194.0
4023,319.0
4024,256.0
4025,141.0
4026,41.0
4027,64.0
4028,208.0
4029,521.0
4030,560.0
4031,465.0
4032,452.0
4033,385.0
4034,359.0
4035,363.0
4036,486.0
4037,831.0
4038,352.0
4039,181.0
4040,110.0
4041,111.0
4042,315.0
4043,191.0
4044,66.0
4045,59.0
4046,16.0
4047,22.0
4048,62.0
4049,259.0
4050,229.0
4051,373.0
4052,191.0
4053,207.0
4054,200.0
4055,203.0
4056,351.0
4057,117.0
4058,364.0
4059,108.0
4060,141.0
4061,101.0
4062,176.0
4063,161.0
4064,0.0
4065,21.0
4066,5.0
4067,29.0
4068,33.0
4069,86.0
4070,42.0
4071,94.0
4072,133.0
4073,123.0
4074,61.0
4075,79.0
4076,99.0
4077,39.0
4078,80.0
4079,72.0
4080,79.0
4081,92.0
4082,94.0
4083,85.0
4084,0.0
4085,22.0
4086,12.0
4087,0.0
4088,160.0
4089,3.0
4090,20.0
4091,26.0
4092,23.0
4093,11.0
4094,21.0
4095,19.0
4096,54.0
4097,11.0
4098,31.0
4099,68.0
4100,14.0
4101,38.0
4102,97.0
4103,24.0
4104,0.0
4105,4.0
4106,14.0
4107,2.0
4108,63.0
4109,15.0
4110,27.0
4111,13.0
4112,18.0
4113,31.0
4114,4.0
4115,17.0
4116,47.0
4117,15.0
4118,71.0
4119,14.0
4120,88.0
4121,35.0
4122,53.0
4123,25.0
4124,0.0
4125,10.0
4126,15.0
4127,1.0
4128,87.0
4129,22.0
4130,10.0
4131,3.0
4132,1.0
4133,9.0
4134,7.0
4135,8.0
4136,56.0
4137,16.0
4138,119.0
4139,34.0
4140,63.0
4141,50.0
4142,35.0
4143,25.0
4144,0.0
4145,8.0
4146,25.0
4147,36.0
4148,84.0
4149,13.0
4150,80.0
4151,22.0
4152,0.0
4153,52.0
4154,12.0
4155,12.0
4156,231.0
4157,77.0
4158,334.0
4159,40.0
4160,138.0
4161,66.0
4162,60.0
4163,36.0
4164,46.0
4165,47.0
4166,18.0
4167,87.0
4168,161.0
4169,88.0
4170,239.0
4171,171.0
4172,40.0
4173,303.0
4174,33.0
4175,56.0
4176,208.0
4177,462.0
4178,834.0
4179,263.0
4180,373.0
4181,283.0
4182,153.0
4183,193.0
4184,189.0
4185,123.0
4186,75.0
4187,337.0
4188,534.0
4189,407.0
4190,564.0
4191,445.0
4192,150.0
4193,919.0
4194,97.0
4195,302.0
4196,1.696
4197,864.0
4198,1.755
4199,361.0
4200,1.177
4201,690.0
4202,754.0
4203,643.0
4204,711.0
4205,499.0
4206,415.0
4207,1.133
4208,2.28
4209,864.0
4210,1.002
4211,943.0
4212,911.0
4213,3.551
4214,290.0
4215,790.0
4216,4.035
4217,1.9580000000000002
4218,3.614
4219,1.015
4220,2.265
4221,2.057
4222,1.6469999999999998
4223,1.5719999999999998
4224,1.9909999999999999
4225,872.0
4226,1.099
4227,2.401
4228,2.475
4229,3.3989999999999996
4230,2.662
4231,3.136
4232,1.618
4233,4.078
4234,1.472
4235,1.709
4236,5.392
4237,4.402
4238,4.479
4239,2.311
4240,2.536
4241,5.827999999999999
4242,1.3940000000000001
4243,3.4219999999999997
4244,2.5860000000000003
4245,1.4380000000000002
4246,2.5580000000000003
4247,3.742
4248,2.7569999999999997
4249,2.332
4250,2.144
4251,3.263
4252,1.443
4253,2.331
4254,1.83
4255,913.0
4256,3.863
4257,1.484
4258,2.506
4259,1.2690000000000001
4260,1.788
4261,4.0680000000000005
4262,2.5980000000000003
4263,3.0039999999999996
4264,424.0
4265,334.0
4266,450.0
4267,1.484
4268,1.1740000000000002
4269,1.248
4270,1.798
4271,1.599
4272,740.0
4273,939.0
4274,594.0
4275,1.3359999999999999
4276,1.4169999999999998
4277,825.0
4278,447.0
4279,640.0
4280,717.0
4281,897.0
4282,1.126
4283,449.0
4284,119.0
4285,74.0
4286,79.0
4287,230.0
4288,373.0
4289,459.0
4290,788.0
4291,486.0
4292,339.0
4293,317.0
4294,329.0
4295,570.0
4296,357.0
4297,362.0
4298,334.0
4299,468.0
4300,346.0
4301,626.0
4302,374.0
4303,0.0
4304,0.0
4305,0.0
4306,0.0
4307,0.0
4308,0.0
4309,1.0
4310,5.0
4311,12.0
4312,0.0
4313,1.0
4314,3.0
4315,13.0
4316,10.0
4317,12.0
4318,9.0
4319,35.0
4320,97.0
4321,9.0
4322,15.0
4323,0.0
4324,0.0
4325,1.0
4326,3.0
4327,1.0
4328,10.0
4329,8.0
4330,4.0
4331,7.0
4332,15.0
4333,2.0
4334,5.0
4335,73.0
4336,36.0
4337,11.0
4338,12.0
4339,116.0
4340,36.0
4341,16.0
4342,34.0
4343,0.0
4344,0.0
4345,0.0
4346,0.0
4347,1.0
4348,23.0
4349,4.0
4350,7.0
4351,8.0
4352,27.0
4353,2.0
4354,5.0
4355,10.0
4356,7.0
4357,20.0
4358,9.0
4359,38.0
4360,23.0
4361,16.0
4362,10.0
4363,0.0
4364,1.0
4365,2.0
4366,2.0
4367,8.0
4368,11.0
4369,3.0
4370,1.0
4371,8.0
4372,9.0
4373,2.0
4374,1.0
4375,10.0
4376,12.0
4377,12.0
4378,9.0
4379,25.0
4380,24.0
4381,45.0
4382,12.0
4383,0.0
4384,7.0
4385,5.0
4386,4.0
4387,4.0
4388,1.0
4389,0.0
4390,11.0
4391,4.0
4392,2.0
4393,0.0
4394,37.0
4395,6.0
4396,17.0
4397,18.0
4398,16.0
4399,20.0
4400,21.0
4401,30.0
4402,15.0
4403,3.0
4404,8.0
4405,14.0
4406,13.0
4407,13.0
4408,13.0
4409,19.0
4410,16.0
4411,19.0
4412,3.0
4413,4.0
4414,33.0
4415,7.0
4416,33.0
4417,14.0
4418,17.0
4419,54.0
4420,33.0
4421,37.0
4422,68.0
4423,21.0
4424,14.0
4425,22.0
4426,57.0
4427,17.0
4428,42.0
4429,23.0
4430,20.0
4431,54.0
4432,15.0
4433,14.0
4434,56.0
4435,55.0
4436,121.0
4437,50.0
4438,58.0
4439,62.0
4440,74.0
4441,131.0
4442,70.0
4443,21.0
4444,88.0
4445,34.0
4446,129.0
4447,184.0
4448,191.0
4449,74.0
4450,98.0
4451,79.0
4452,189.0
4453,19.0
4454,91.0
4455,316.0
4456,250.0
4457,72.0
4458,74.0
4459,199.0
4460,158.0
4461,241.0
4462,164.0
4463,44.0
4464,192.0
4465,16.0
4466,60.0
4467,45.0
4468,166.0
4469,205.0
4470,46.0
4471,197.0
4472,223.0
4473,132.0
4474,90.0
4475,353.0
4476,510.0
4477,172.0
4478,117.0
4479,318.0
4480,85.0
4481,195.0
4482,728.0
4483,6.0
4484,30.0
4485,25.0
4486,33.0
4487,313.0
4488,81.0
4489,26.0
4490,116.0
4491,12.0
4492,137.0
4493,42.0
4494,18.0
4495,35.0
4496,114.0
4497,163.0
4498,44.0
4499,500.0
4500,96.0
4501,30.0
4502,238.0
4503,6.0
4504,16.0
4505,2.0
4506,4.0
4507,11.0
4508,5.0
4509,49.0
4510,12.0
4511,1.0
4512,1.0
4513,0.0
4514,27.0
4515,23.0
4516,20.0
4517,13.0
4518,28.0
4519,36.0
4520,6.0
4521,19.0
4522,43.0
4523,1.0
4524,0.0
4525,0.0
4526,2.0
4527,8.0
4528,10.0
4529,9.0
4530,2.0
4531,0.0
4532,0.0
4533,6.0
4534,1.0
4535,10.0
4536,3.0
4537,18.0
4538,12.0
4539,25.0
4540,11.0
4541,5.0
4542,0.0
4543,32.0
4544,1.0
4545,2.0
4546,4.0
4547,113.0
4548,44.0
4549,153.0
4550,93.0
4551,63.0
4552,70.0
4553,110.0
4554,32.0
4555,15.0
4556,72.0
4557,25.0
4558,34.0
4559,45.0
4560,15.0
4561,28.0
4562,0.0
4563,11.0
4564,7.0
4565,0.0
4566,18.0
4567,9.0
4568,5.0
4569,42.0
4570,21.0
4571,9.0
4572,25.0
4573,8.0
4574,12.0
4575,5.0
4576,13.0
4577,24.0
4578,8.0
4579,15.0
4580,2.0
4581,10.0
4582,0.0
4583,9.0
4584,11.0
4585,0.0
4586,3.0
4587,1.0
4588,1.0
4589,15.0
4590,8.0
4591,7.0
4592,3.0
4593,2.0
4594,23.0
4595,3.0
4596,2.0
4597,6.0
4598,6.0
4599,3.0
4600,1.0
4601,3.0
4602,0.0
4603,21.0
4604,16.0
4605,10.0
4606,0.0
4607,2.0
4608,3.0
4609,2.0
4610,2.0
4611,1.0
4612,0.0
4613,1.0
4614,7.0
4615,0.0
4616,4.0
4617,7.0
4618,2.0
4619,4.0
4620,0.0
4621,6.0
4622,0.0
4623,1.0
4624,3.0
4625,56.0
4626,6.0
4627,0.0
4628,2.0
4629,3.0
4630,0.0
4631,2.0
4632,0.0
4633,0.0
4634,3.0
4635,0.0
4636,14.0
4637,2.0
4638,2.0
4639,4.0
4640,1.0
4641,2.0
4642,1.0
4643,4.0
4644,8.0
4645,13.0
4646,1.0
4647,1.0
4648,2.0
4649,0.0
4650,0.0
4651,0.0
4652,0.0
4653,0.0
4654,1.0
4655,1.0
4656,5.0
4657,1.0
4658,2.0
4659,5.0
4660,4.0
4661,3.0
4662,5.0
4663,7.0
4664,5.0
4665,25.0
4666,7.0
4667,7.0
4668,5.0
4669,2.0
4670,0.0
4671,7.0
4672,0.0
4673,0.0
4674,7.0
4675,0.0
4676,3.0
4677,0.0
4678,2.0
4679,3.0
4680,13.0
4681,4.0
4682,4.0
4683,40.0
4684,29.0
4685,55.0
4686,48.0
4687,97.0
4688,15.0
4689,9.0
4690,13.0
4691,26.0
4692,2.0
4693,1.0
4694,24.0
4695,10.0
4696,23.0
4697,2.0
4698,21.0
4699,16.0
4700,24.0
4701,21.0
4702,51.0
4703,35.0
4704,17.0
4705,45.0
4706,52.0
4707,112.0
4708,47.0
4709,37.0
4710,50.0
4711,50.0
4712,17.0
4713,29.0
4714,50.0
4715,22.0
4716,41.0
4717,7.0
4718,30.0
4719,36.0
4720,44.0
4721,48.0
4722,55.0
4723,40.0
4724,28.0
4725,34.0
4726,140.0
4727,276.0
4728,89.0
4729,168.0
4730,85.0
4731,88.0
4732,53.0
4733,84.0
4734,111.0
4735,76.0
4736,74.0
4737,71.0
4738,75.0
4739,129.0
4740,129.0
4741,85.0
4742,41.0
4743,62.0
4744,9.0
4745,41.0
4746,178.0
4747,366.0
4748,164.0
4749,249.0
4750,148.0
4751,130.0
4752,82.0
4753,172.0
4754,212.0
4755,144.0
4756,69.0
4757,77.0
4758,124.0
4759,105.0
4760,93.0
4761,89.0
4762,19.0
4763,29.0
4764,11.0
4765,20.0
4766,222.0
4767,278.0
4768,284.0
4769,149.0
4770,101.0
4771,80.0
4772,126.0
4773,221.0
4774,54.0
4775,125.0
4776,75.0
4777,46.0
4778,47.0
4779,74.0
4780,75.0
4781,0.0
4782,63.0
4783,126.0
4784,12.0
4785,265.0
4786,58.0
4787,70.0
4788,152.0
4789,46.0
4790,37.0
4791,42.0
4792,65.0
4793,22.0
4794,33.0
4795,61.0
4796,22.0
4797,53.0
4798,51.0
4799,68.0
4800,28.0
4801,0.0
4802,35.0
4803,43.0
4804,32.0
4805,38.0
4806,13.0
4807,52.0
4808,36.0
4809,34.0
4810,24.0
4811,30.0
4812,15.0
4813,23.0
4814,26.0
4815,39.0
4816,43.0
4817,37.0
4818,41.0
4819,55.0
4820,31.0
4821,0.0
4822,38.0
4823,51.0
4824,11.0
4825,26.0
4826,27.0
4827,149.0
4828,153.0
4829,76.0
4830,8.0
4831,38.0
4832,41.0
4833,21.0
4834,31.0
4835,50.0
4836,44.0
4837,58.0
4838,108.0
4839,30.0
4840,34.0
4841,0.0
4842,12.0
4843,1.0
4844,3.0
4845,6.0
4846,30.0
4847,98.0
4848,14.0
